{"cameraMode":{"drawMode":0,"name":"Shaded","section":"Shading Mode"},"sceneLighting":false,"audioPlay":false,"sceneViewState":{"showFog":true,"showMaterialUpdate":true,"showSkybox":false,"showFlares":true,"showImageEffects":true,"showParticleSystems":true},"in2DMode":false,"pivot":{"x":6.830000400543213,"y":1.0,"z":0.4679575264453888},"rotation":{"x":0.29175102710723879,"y":0.15210667252540589,"z":-0.04705318436026573,"w":0.9431509971618652},"size":1.2407249212265015,"orthographic":false}