{"cameraMode":{"drawMode":0,"name":"Shaded","section":"Shading Mode"},"sceneLighting":false,"audioPlay":false,"sceneViewState":{"showFog":true,"showMaterialUpdate":true,"showSkybox":false,"showFlares":true,"showImageEffects":true,"showParticleSystems":true},"in2DMode":false,"pivot":{"x":0.14699415862560273,"y":0.17921233177185059,"z":0.15952900052070619},"rotation":{"x":0.33845213055610659,"y":0.2187414914369583,"z":-0.08121145516633988,"w":0.9116026163101196},"size":0.28384262323379519,"orthographic":false}