{"cameraMode":{"drawMode":0,"name":"Shaded","section":"Shading Mode"},"sceneLighting":false,"audioPlay":false,"sceneViewState":{"showFog":true,"showMaterialUpdate":true,"showSkybox":false,"showFlares":true,"showImageEffects":true,"showParticleSystems":true},"in2DMode":false,"pivot":{"x":0.8722044229507446,"y":0.20151136815547944,"z":0.4507979154586792},"rotation":{"x":0.5176551342010498,"y":-0.030787494033575059,"z":0.018643587827682496,"w":0.8548358678817749},"size":1.4838426113128663,"orthographic":false}