{"cameraMode":{"drawMode":0,"name":"Shaded","section":"Shading Mode"},"sceneLighting":true,"audioPlay":false,"sceneViewState":{"showFog":true,"showMaterialUpdate":true,"showSkybox":true,"showFlares":true,"showImageEffects":true,"showParticleSystems":true},"in2DMode":false,"pivot":{"x":-2.3624556064605715,"y":5.919714450836182,"z":-1.4460182189941407},"rotation":{"x":0.07431524246931076,"y":0.019445018842816354,"z":-0.0014485570136457682,"w":0.9970452785491943},"size":7.40869140625,"orthographic":false}