{"cameraMode":{"drawMode":0,"name":"Shaded","section":"Shading Mode"},"sceneLighting":true,"audioPlay":false,"sceneViewState":{"showFog":true,"showMaterialUpdate":true,"showSkybox":true,"showFlares":true,"showImageEffects":true,"showParticleSystems":true},"in2DMode":false,"pivot":{"x":4.266260623931885,"y":-0.14716720581054688,"z":2.335695266723633},"rotation":{"x":0.32016971707344057,"y":0.24075350165367127,"z":-0.08448679745197296,"w":0.9123551845550537},"size":6.056393623352051,"orthographic":false}