{"cameraMode":{"drawMode":0,"name":"Shaded","section":"Shading Mode"},"sceneLighting":false,"audioPlay":false,"sceneViewState":{"showFog":true,"showMaterialUpdate":true,"showSkybox":false,"showFlares":true,"showImageEffects":true,"showParticleSystems":true},"in2DMode":false,"pivot":{"x":6.830000400543213,"y":1.0,"z":0.4679575264453888},"rotation":{"x":0.3410078287124634,"y":-0.0076156980358064178,"z":0.0027627551462501289,"w":0.9400266408920288},"size":1.2407249212265015,"orthographic":false}