{"cameraMode":{"drawMode":0,"name":"Shaded","section":"Shading Mode"},"sceneLighting":false,"audioPlay":false,"sceneViewState":{"showFog":true,"showMaterialUpdate":true,"showSkybox":false,"showFlares":true,"showImageEffects":true,"showParticleSystems":true},"in2DMode":false,"pivot":{"x":617.6851806640625,"y":383.12213134765627,"z":3.00152587890625},"rotation":{"x":0.14795342087745667,"y":-0.004450485110282898,"z":0.0006658901693299413,"w":0.9889848828315735},"size":146.8390350341797,"orthographic":false}