{"cameraMode":{"drawMode":0,"name":"Shaded","section":"Shading Mode"},"sceneLighting":true,"audioPlay":false,"sceneViewState":{"showFog":true,"showMaterialUpdate":true,"showSkybox":true,"showFlares":true,"showImageEffects":true,"showParticleSystems":true},"in2DMode":false,"pivot":{"x":-0.585693359375,"y":0.113037109375,"z":0.759765625},"rotation":{"x":0.30904901027679446,"y":0.06697463244199753,"z":-0.021826857700943948,"w":0.9484410285949707},"size":6.15144157409668,"orthographic":true}