{"cameraMode":{"drawMode":0,"name":"Shaded","section":"Shading Mode"},"sceneLighting":false,"audioPlay":false,"sceneViewState":{"showFog":true,"showMaterialUpdate":true,"showSkybox":false,"showFlares":true,"showImageEffects":true,"showParticleSystems":true},"in2DMode":false,"pivot":{"x":440.894775390625,"y":367.77947998046877,"z":-16.9747314453125},"rotation":{"x":0.04016795754432678,"y":-0.1255638599395752,"z":0.005088072270154953,"w":0.9912592172622681},"size":317.5841979980469,"orthographic":false}