{"cameraMode":{"drawMode":0,"name":"Shaded","section":"Shading Mode"},"sceneLighting":true,"audioPlay":false,"sceneViewState":{"showFog":true,"showMaterialUpdate":true,"showSkybox":true,"showFlares":true,"showImageEffects":true,"showParticleSystems":true},"in2DMode":false,"pivot":{"x":5.693093299865723,"y":2.5232901573181154,"z":5.26379919052124},"rotation":{"x":0.30470770597457888,"y":0.29481005668640139,"z":-0.09979458153247833,"w":0.9001567363739014},"size":4.1576457023620609,"orthographic":false}