{"cameraMode":{"drawMode":0,"name":"Shaded","section":"Shading Mode"},"sceneLighting":false,"audioPlay":false,"sceneViewState":{"showFog":true,"showMaterialUpdate":true,"showSkybox":false,"showFlares":true,"showImageEffects":true,"showParticleSystems":true},"in2DMode":false,"pivot":{"x":-0.4232235550880432,"y":0.13385337591171266,"z":0.26854097843170168},"rotation":{"x":0.11454471200704575,"y":0.4080585539340973,"z":-0.05168920382857323,"w":0.9042674899101257},"size":0.20851194858551026,"orthographic":false}