{"cameraMode":{"drawMode":0,"name":"Shaded","section":"Shading Mode"},"sceneLighting":false,"audioPlay":false,"sceneViewState":{"showFog":true,"showMaterialUpdate":true,"showSkybox":false,"showFlares":true,"showImageEffects":true,"showParticleSystems":true},"in2DMode":false,"pivot":{"x":6.380000114440918,"y":3.687500476837158,"z":4.230000019073486},"rotation":{"x":0.1314653903245926,"y":-0.04756401106715202,"z":0.0063151088543236259,"w":0.9901593923568726},"size":2.590444803237915,"orthographic":false}